date,R_H,Precipitation,Eto,HK4004U,HK4256U,Infiltration(l/min)
9/4/2018,89,0,1.71,19.595,26.245,0
9/5/2018,83,0,1.8,19.57,26.21,0
9/6/2018,87,0,2.29,19.56,26.19,0
9/7/2018,78,14.9,1.92,19.55,26.19,0
9/8/2018,85,9.1,1.9,19.78,26.27,0
9/9/2018,73,12.9,1.3,19.77,26.39,0
9/10/2018,89,5.7,1.73,19.81,26.4,0
9/11/2018,77,18.2,1.41,19.81,26.4,0
9/12/2018,69,2.4,2.39,19.85,26.41,0
9/13/2018,76,6,1.89,19.81,26.41,0
9/14/2018,80,13.2,1.35,19.81,26.4,0
9/15/2018,86,1.3,2.31,19.87,26.45,0
9/16/2018,62,7.6,1.62,19.81,26.49,0
9/17/2018,95,0.3,1.9,19.84,26.53,0
9/18/2018,92,0,3.7,19.8,26.52,0
9/19/2018,93,3.1,1.7,19.77,26.5,0
9/20/2018,83,3.9,1.81,19.75,26.48,0
9/21/2018,93,4.9,2.06,19.77,26.5,0
9/22/2018,72,4,2.39,19.77,26.5,0
9/23/2018,66,1.1,2.18,19.77,26.5,0
9/24/2018,52,0,1.82,19.75,26.48,0
9/25/2018,48,0.4,1.98,19.72,26.42,0
9/26/2018,77,1.3,1.4,19.74,26.49,0
9/27/2018,72,0.2,1.59,19.71,26.48,0
9/28/2018,61,0,1.98,19.7,26.43,0
9/29/2018,45,1.4,1.26,19.68,26.44,0
9/30/2018,67,1,1.71,19.69,26.43,0
10/1/2018,77,1.8,0.92,19.67,26.42,0
10/2/2018,64,10.4,0.97,19.73,26.45,0
10/3/2018,85,0,1.42,19.77,26.41,0
10/4/2018,55,2.9,1.04,19.74,26.42,0
10/5/2018,92,2.8,1.07,19.76,26.46,0
10/6/2018,91,3.3,0.67,19.77,26.49,0
10/7/2018,80,3.9,0.85,19.78,26.5,0
10/8/2018,72,10.1,0.93,19.78,26.58,0
10/9/2018,89,0,0.93,19.84,26.62,0
10/10/2018,85,0,0.8,19.79,26.55,0
10/11/2018,89,0,1.43,19.76,26.56,0
10/12/2018,77,0,1.63,19.74,26.55,0
10/13/2018,90,0,1.44,19.72,26.56,0
10/14/2018,86,0,2.52,19.72,26.56,0
10/15/2018,84,0.4,1.13,19.7,26.55,0
10/16/2018,89,0,0.64,,,0
10/17/2018,93,0,0.86,,,0
10/18/2018,92,0,0.94,19.66,26.52,0
10/19/2018,67,0.6,0.62,19.64,26.52,0
10/20/2018,76,0,0.73,19.63,26.52,0
10/21/2018,84,0.5,0.47,19.62,26.52,0
10/22/2018,76,6.7,1.55,19.61,26.5,0
10/23/2018,86,1.7,1.95,19.65,26.52,0
10/24/2018,51,0.4,0.94,19.66,26.5,0
10/25/2018,87,0,0.95,19.66,26.51,0
10/26/2018,67,18.5,0.53,19.64,26.48,0
10/27/2018,91,1.7,0.59,19.76,26.5,0
10/28/2018,84,0,0.36,19.74,26.49,0
10/29/2018,82,1.6,0.69,19.74,26.5,0
10/30/2018,92,5.9,0.45,19.75,26.55,0
10/31/2018,92,0.1,0.76,19.75,26.56,0
11/1/2018,90,0,0.55,19.74,26.53,0
11/2/2018,87,2,0.44,19.73,26.55,0
11/3/2018,76,0,0.52,19.71,26.55,0
11/4/2018,80,0,0.33,19.72,26.55,0
11/5/2018,81,0,0.35,19.71,26.52,0
11/6/2018,97,0,0.2,19.7,26.52,0
11/7/2018,96,0,0.13,19.69,26.45,0
11/8/2018,92,0,0.21,19.68,26.44,0
11/9/2018,98,5.1,0.22,19.66,26.44,0
11/10/2018,90,4,0.37,19.72,26.49,0
11/11/2018,94,9.8,0.3,19.74,26.53,0
11/12/2018,96,0.5,0.28,19.81,26.61,0
11/13/2018,97,5.6,0.24,19.77,26.57,0
11/14/2018,92,1.8,0.28,19.8,26.58,0
11/15/2018,97,0,0.28,19.77,26.54,0
11/16/2018,92,0,0.03,19.76,26.55,0
11/17/2018,80,0,0.2,19.74,26.56,0
11/18/2018,76,0,0.24,19.73,26.58,0
11/19/2018,74,0.1,0.31,19.71,26.58,0
11/20/2018,88,0,0.01,19.7,26.59,0
11/21/2018,83,0,0.19,19.69,26.59,0
11/22/2018,78,0,0.16,19.68,26.58,0
11/23/2018,89,0,0.13,19.67,26.57,0
11/24/2018,88,0,0.17,19.66,26.57,0
11/25/2018,87,0,,19.65,26.55,0
11/26/2018,83,0,0.02,19.64,26.48,0
11/27/2018,83,0,,19.62,26.47,0
11/28/2018,80,0.9,0.15,19.6,26.42,0
11/29/2018,77,10.2,0.62,19.61,26.48,0
11/30/2018,93,0.7,0.34,19.68,26.51,0
12/1/2018,94,0.2,0.18,19.72,26.52,0
12/2/2018,92,8.3,0.14,19.73,26.53,0
12/3/2018,98,4.8,0.29,19.78,26.58,0
12/4/2018,91,0,1.08,19.79,26.65,0
12/5/2018,54,0,,19.76,26.58,0
12/6/2018,87,8.4,0.19,19.74,26.58,0
12/7/2018,98,14.7,0.11,19.8,26.65,0
12/8/2018,89,12.5,0.23,19.88,26.8,0
12/9/2018,94,0,0.17,19.9,26.86,0
12/10/2018,68,0,0.61,19.82,26.68,0
12/11/2018,73,0,0.3,19.77,26.61,0
12/12/2018,84,0,0.32,19.73,26.61,0
12/13/2018,77,0,0.33,19.72,26.58,0
12/14/2018,80,0,0.27,19.71,26.59,0
12/15/2018,75,0,0.3,19.7,26.49,0
12/16/2018,84,0.9,0.17,19.69,26.49,0
12/17/2018,92,0.1,0.05,19.68,26.48,0
12/18/2018,74,0.5,0.12,19.66,26.49,0
12/19/2018,93,0.8,0.22,19.66,26.5,0
12/20/2018,92,0,0.17,19.65,26.42,0
12/21/2018,86,0.6,0.33,19.65,26.44,0
12/22/2018,86,0,0.37,19.65,26.49,0
12/23/2018,73,0,0.2,19.64,26.48,0
12/24/2018,70,0,0.09,19.63,26.5,0
12/25/2018,86,0,0.29,19.63,26.49,0
12/26/2018,86,0,,19.61,26.5,0
12/27/2018,98,0,0.13,19.61,26.51,0
12/28/2018,92,0,,19.6,26.49,0
12/29/2018,96,2.9,0.06,19.59,26.48,0
12/30/2018,98,0,,19.61,26.48,0
12/31/2018,86,0,0.14,19.65,26.48,0
1/1/2019,92,0,1.67,19.68,26.51,0
1/2/2019,49,0,1.08,19.64,26.43,0
1/3/2019,62,0,,19.63,26.44,0
1/4/2019,87,0,,19.64,26.45,0
1/5/2019,89,0,,19.64,26.47,0
1/6/2019,91,0,,19.61,26.45,0
1/7/2019,98,19.4,0.21,19.6,26.45,0
1/8/2019,93,0.7,0.25,19.74,26.62,0
1/9/2019,73,0,,19.76,26.59,0
1/10/2019,80,0.9,0.12,19.73,26.57,0
1/11/2019,98,0,0.11,19.73,26.6,0
1/12/2019,95,0.2,0.07,19.71,26.59,0
1/13/2019,97,2.4,0.52,19.7,26.59,0
1/14/2019,71,0,1.14,19.71,26.58,0
1/15/2019,49,3.6,0.46,19.69,26.55,0
1/16/2019,84,4.2,0.21,19.68,26.56,0
1/17/2019,81,0,0.27,19.76,26.61,0
1/18/2019,69,0,,19.73,26.57,0
1/19/2019,75,0,0.28,19.71,26.56,0
1/20/2019,88,0,0.11,19.69,26.54,0
1/21/2019,92,0.8,0.11,19.67,26.54,0
1/22/2019,86,0.1,0.18,19.67,26.54,0
1/23/2019,87,0,0.18,19.65,26.5,0
1/24/2019,87,0,0.27,19.625,26.495,0
1/25/2019,70,0.3,0.27,19.61,26.49,0
1/26/2019,89,2.4,0.42,19.62,26.51,0
1/27/2019,87,8.6,0.36,19.61,26.5,0
1/28/2019,98,2.7,0.19,19.6,26.48,0
1/29/2019,81,0.2,,19.57,26.47,0
1/30/2019,87,0.2,0.13,19.56,26.44,0
1/31/2019,88,0.5,0.31,19.54,26.42,0
2/1/2019,88,0.7,0.29,19.53,26.37,0
2/2/2019,88,0,0.28,19.53,26.38,0
2/3/2019,92,0,0.16,19.51,26.4,0
2/4/2019,91,25.1,0.19,19.5,26.4,0
2/5/2019,92,2.6,0.25,19.67,26.52,0
2/6/2019,87,4.9,0.26,19.74,26.47,0
2/7/2019,98,7.5,0.38,19.77,26.56,0
2/8/2019,94,29.3,0.41,19.83,26.75,0
2/9/2019,95,8.8,0.44,19.94,26.99,0
2/10/2019,89,0.1,0.54,19.89,26.75,0
2/11/2019,98,0,0.62,19.82,26.58,0
2/12/2019,66,2.7,0.61,19.78,26.54,0
2/13/2019,98,0,0.72,19.77,26.55,0
2/14/2019,98,0,0.28,19.76,26.52,0
2/15/2019,98,0,0.33,19.75,26.53,0
2/16/2019,85,0,0.63,19.75,26.54,0
2/17/2019,96,0,0.27,19.72,26.53,0
2/18/2019,98,2.6,0.56,19.71,26.51,0
2/19/2019,97,0.8,0.57,19.71,26.52,0
2/20/2019,85,15.5,0.7,19.71,26.47,0
2/21/2019,98,4.3,0.4,19.79,26.6,0
2/22/2019,83,0,0.7,19.81,26.56,0
2/23/2019,86,0,0.55,19.77,26.53,0
2/24/2019,89,0,0.4,19.73,26.52,0
2/25/2019,98,0,0.62,19.71,26.53,0
2/26/2019,96,0,0.67,19.7,26.5,0
2/27/2019,92,0,0.64,19.7,26.52,0
2/28/2019,94,0,0.91,19.69,26.53,0
3/1/2019,92,0,0.77,19.67,26.53,0
3/2/2019,93,10.1,0.5,19.66,26.5,0
3/3/2019,93,4.1,0.73,19.67,26.54,0
3/4/2019,94,12.7,0.49,19.73,26.59,0
3/5/2019,94,3.1,0.44,19.8,26.71,0
3/6/2019,92,16.3,0.44,19.79,26.67,0
3/7/2019,97,10.9,0.56,19.9,26.85,0
3/8/2019,91,3,0.89,19.87,26.84,0
3/9/2019,86,18.4,0.59,19.83,26.72,0
3/10/2019,96,0.1,0.85,19.87,26.85,0
3/11/2019,55,0,0.94,19.81,26.67,0
3/12/2019,67,21.6,0.66,19.76,26.62,0
3/13/2019,93,7.7,0.49,19.89,26.83,0
3/14/2019,96,3.4,0.58,19.88,26.85,0
3/15/2019,98,1.9,0.58,19.84,26.75,0
3/16/2019,94,14.4,0.83,19.8,26.69,0
3/17/2019,94,6.3,0.94,19.87,26.84,0
3/18/2019,83,0,1.23,19.84,26.82,0
3/19/2019,56,1.8,1.54,19.78,26.7,0
3/20/2019,85,1,1.34,19.76,26.69,0
3/21/2019,92,0,0.67,19.75,26.67,0
3/22/2019,89,0,1.11,19.725,26.67,0
3/23/2019,98,0,1.7,19.73,26.65,0
3/24/2019,82,4.2,1.45,19.7,26.65,0
3/25/2019,90,0,1.54,19.72,26.66,0
3/26/2019,74,0,1.97,19.71,26.62,0
3/27/2019,93,0,1.7,19.69,26.59,0
3/28/2019,95,0,1.59,19.67,26.6,0
3/29/2019,85,0,1.97,19.66,26.59,0
3/30/2019,87,0,1.08,19.66,26.57,0
3/31/2019,78,0,2.63,19.65,26.55,0
4/1/2019,59,0,2.07,19.63,26.5,0
4/2/2019,70,0,2.97,19.6,26.44,0
4/3/2019,57,0,2.2,19.63,26.49,0
4/4/2019,64,0,3.23,19.64,26.49,0
4/5/2019,65,0,3.26,19.62,26.49,0
4/6/2019,61,0.1,2.12,19.62,26.44,0
4/7/2019,82,0,2.81,19.61,26.47,0
4/8/2019,65,0,2.34,19.59,26.46,0
4/9/2019,49,0,2.48,19.59,26.45,0
4/10/2019,56,0,1.5,19.58,26.43,0
4/11/2019,63,0,2.06,19.57,26.44,0
4/12/2019,58,0,2.33,19.56,26.43,0
4/13/2019,50,0,2.76,19.55,26.41,0
4/14/2019,53,0,2.93,19.53,26.4,0
4/15/2019,55,0,2.98,19.525,26.395,0
4/16/2019,52,0,2.65,19.52,26.38,0
4/17/2019,60,0,3.27,19.51,26.37,0
4/18/2019,61,0,3.43,19.5,26.31,0
4/19/2019,61,0,3.42,19.49,26.33,0
4/20/2019,57,0,3.86,19.49,26.32,0
4/21/2019,80,0,3.27,19.49,26.32,0
4/22/2019,69,0,3.82,19.49,26.33,0
4/23/2019,65,0,4.46,19.48,26.3,0
4/24/2019,40,0,3.88,19.48,26.31,0
4/25/2019,63,0,3.6,19.47,26.33,0
4/26/2019,88,0,4.98,19.46,26.28,0
4/27/2019,82,35,1.86,19.46,26.28,0
4/28/2019,96,4,2.47,19.57,26.37,0
4/29/2019,68,0,4.52,19.7,26.43,0
4/30/2019,84,0,3.95,19.69,26.42,0
5/1/2019,94,0,1.82,19.67,26.43,0
5/2/2019,85,0.5,2.69,19.67,26.43,0
5/3/2019,45,3,2.75,19.63,26.41,0
5/4/2019,91,0,2.72,19.63,26.41,0
5/5/2019,78,1,3.12,19.64,26.4,0
5/6/2019,78,3,2.19,19.63,26.37,0
5/7/2019,69,1.6,2.84,19.62,26.37,0
5/8/2019,72,2.6,2.55,19.6,26.37,0
5/9/2019,64,3.6,1.71,19.6,26.38,0
5/10/2019,94,1.1,1.87,19.66,26.32,0
5/11/2019,86,0,3.47,19.65,26.34,0
5/12/2019,76,0,2.71,19.63,26.31,0
5/13/2019,82,0,3.24,19.61,26.3,0
5/14/2019,78,0,3.6,19.59,26.29,0
5/15/2019,80,0,3.63,19.59,26.27,0
5/16/2019,72,0,5.27,19.58,26.25,0
5/17/2019,49,9.2,3.84,19.57,26.25,0
5/18/2019,87,0,2.42,19.59,26.26,0
5/19/2019,83,9.5,3.96,19.64,26.25,0
5/20/2019,87,0,2.85,19.63,26.23,0
5/21/2019,93,17.5,3.31,19.69,26.25,0
5/22/2019,96,0,2.04,19.72,26.27,0
5/23/2019,83,4,3.9,19.7,26.27,0
5/24/2019,80,10,1.88,19.68,26.28,0
5/25/2019,94,0.5,2.78,19.74,26.33,0
5/26/2019,81,0.5,3.55,19.72,26.34,0
5/27/2019,75,2.9,1.56,19.7,26.35,0
5/28/2019,81,0,2.93,19.71,26.37,0
5/29/2019,58,0,4.05,19.69,26.35,0
5/30/2019,66,8.2,2.12,19.67,26.33,0
5/31/2019,85,2.2,4.24,19.71,26.34,0
6/1/2019,77,1.1,1.99,19.7,26.34,0
6/2/2019,89,0.4,3.05,19.71,26.34,0
6/3/2019,76,7.3,3.32,19.7,26.34,0
6/4/2019,87,0.1,3.81,19.72,26.35,0
6/5/2019,82,0,4.76,19.71,26.34,0
6/6/2019,91,1.3,6.36,19.6895,26.29,0
6/7/2019,96,0.5,4.43,19.6639,26.17,0
6/8/2019,71,9,2.85,19.6692,26.13,0
6/9/2019,80,3.8,2.87,19.7143,26.17,0
6/10/2019,83,0,4.16,19.72155,26.225,0
6/11/2019,65,1.4,2.81,19.71,26.23,0
6/12/2019,72,10.7,2.42,19.69,26.23,0
6/13/2019,95,0,3.86,19.74,26.27,0
6/14/2019,86,0.9,4.43,19.73,26.3,0
6/15/2019,88,0.1,4.31,19.71,26.3,0
6/16/2019,64,1.1,3.4,19.7,26.3,0
6/17/2019,83,0,4.41,19.68,26.28,0
6/18/2019,87,0,3.99,19.67,26.26,0
6/19/2019,90,0,4.66,19.65,26.26,0
6/20/2019,85,1.3,2.94,19.64,26.24,0
6/21/2019,79,3.3,4,19.62,26.21,0
6/22/2019,72,0,4.34,19.6,26.19,0
6/23/2019,78,0,4.89,19.6,26.18,0
6/24/2019,65,0,4.97,,26.16,0
6/25/2019,56,0,4.62,,26.15,0
6/26/2019,80,0,4.28,,26.14,0
6/27/2019,81,0,5.1,,26.12,0
6/28/2019,78,0,5.14,,26.09,0
6/29/2019,85,0,4.58,,25.63,0
6/30/2019,81,0,7.07,,25.56,0
7/1/2019,82,0,4.01,,25.62,0
7/2/2019,80,0,3.97,,25.715,0
7/3/2019,61,0,4.37,,25.66,0
7/4/2019,62,0.8,2.46,,25.56,0
7/5/2019,66,0.1,5.05,19.47,25.6,0
7/6/2019,77,9,2.19,,25.65,0
7/7/2019,80,10.7,3.07,19.56,25.7,0
7/8/2019,90,0,4.62,19.60666667,25.71,0
7/9/2019,87,0,4.21,19.59,25.735,0
7/10/2019,84,0,4.28,19.56,25.66,0
7/11/2019,85,0,4.85,19.54,25.57,0
7/12/2019,80,0,4.93,19.53,25.55,0
7/13/2019,88,0,4.73,19.51,25.23,0
7/14/2019,87,0,3.16,19.49,24.9,0
7/15/2019,87,1.5,2.42,19.48,24.69,0
7/16/2019,82,0,3.92,19.47,24.61,0
7/17/2019,84,0,4.93,19.45,24.66,0
7/18/2019,85,0,4.94,19.44,24.74,0
7/19/2019,69,0.1,3.4,19.43,24.59,0
7/20/2019,76,5.7,4.39,19.41,24.71,0
7/21/2019,92,0.7,3.01,19.43,24.8,0
7/22/2019,80,3.3,2.52,19.445,24.85,0
7/23/2019,94,0,3.11,19.45,24.94,0
7/24/2019,85,0,4.47,19.46,24.99,0
7/25/2019,91,0,5.24,19.45,25.085,0
7/26/2019,77,0,5.99,19.44,25.14,0
7/27/2019,68,0,6.4,19.43,25.21,0
7/28/2019,69,1.9,4.29,19.43,25.27,0
7/29/2019,91,0,4.58,19.43,25.29,0
7/30/2019,81,2.4,2.94,19.43,25.19,0
7/31/2019,71,2.1,2,19.45,25.21,0
8/1/2019,78,0,3.81,19.48,25.25,0
8/2/2019,75,0,4.54,19.48,25.27,0
8/3/2019,79,0,4.28,19.46,25.27,0
8/4/2019,85,0,2.47,19.45,25.31,0
8/5/2019,78,23.5,3.11,19.44,25.31,0
8/6/2019,89,15.8,3.04,19.46,25.33,0
8/7/2019,70,10.9,2.8,19.77,25.15,0
8/8/2019,83,0.7,3.3,19.775,25.31,0
8/9/2019,82,18.1,3.5,19.74,25.34,0
8/10/2019,76,21.6,1.88,19.72,25.43,0
8/11/2019,89,9,2.21,19.94,25.9,0
8/12/2019,79,0.7,3.02,19.85,25.91,0
8/13/2019,77,0,2.99,19.8,25.87,0
8/14/2019,69,0,3.59,19.77,25.88,0
8/15/2019,67,1,2.3,,25.88,0
8/16/2019,93,0.6,2.01,19.72,25.86,0
8/17/2019,68,11.2,1.45,19.7,25.85,0
8/18/2019,84,4.9,2.21,19.77,25.91,0
8/19/2019,86,4.2,2.49,19.8,25.97,0
8/20/2019,81,1.4,3.07,19.83,25.71,0
8/21/2019,80,0,2.81,19.78,25.96,0
8/22/2019,76,5.5,2.17,19.77,25.73,0
8/23/2019,84,0.4,2.03,19.78,25.97,0
8/24/2019,89,0,2.57,19.78,26.05,0
8/25/2019,94,0,3.49,19.75,26.06,0
8/26/2019,86,0,3.57,19.73,26.06,0
8/27/2019,71,6.1,3.4,19.71,26.05,0
8/28/2019,82,4,1.85,19.71,26.05,0
8/29/2019,93,1,1.64,19.78,23.92,0
8/30/2019,77,0,2.42,19.72,24.06,0
8/31/2019,80,1.5,3.66,19.69,23.52,0
9/1/2019,87,0.1,2.19,19.71,24.4,0
9/2/2019,62,1.1,2.9,19.7,24.77,0
9/3/2019,65,4.3,2.07,19.675,24.97,0
9/4/2019,71,27.6,1.28,19.7,25.085,0
9/5/2019,83,8.8,2.11,19.9,25.71,0
9/6/2019,70,22.4,1.87,19.85,25.69,0
9/7/2019,83,0,2.1,19.79,22.42,0
9/8/2019,92,0,2.15,19.75,22.38,0
9/9/2019,83,4,1.46,19.68,22.36,0
9/10/2019,93,2.4,1.75,19.64,22.39,0
9/11/2019,95,12.4,1.82,19.72,22.42,0
9/12/2019,80,3.3,2.07,19.78,22.66,0
9/13/2019,83,0,2.61,19.785,22.89,0
9/14/2019,64,13.2,2.39,19.75,22.67,0
9/15/2019,80,0.1,2.26,19.77,23.05,0
9/16/2019,68,0,2.58,19.79,23.43,0
9/17/2019,71,0.5,2.37,19.765,23.405,0
9/18/2019,51,0,1.97,19.71,23.1,0
9/19/2019,55,0,1.44,19.65,22.42,0
9/20/2019,66,0,1.4,19.615,22.39,0
9/21/2019,89,0,1.83,19.63,22.45,0
9/22/2019,93,0,1.6,19.62,22.83,0
9/23/2019,79,0,2.06,19.61,23.145,0
9/24/2019,73,0,0.99,19.61,24.77,0
9/25/2019,80,0,1.45,19.61,23.59,0
9/26/2019,79,1.7,1.51,19.6,23.73,0
9/27/2019,81,31.5,0.92,19.6,23.89,0
9/28/2019,93,21.2,1.03,19.81,24.69,0
9/29/2019,95,0.2,0.85,19.94,25.32,0
9/30/2019,89,0.1,1.27,19.86,25.54,0
10/1/2019,62,0,1.61,19.81,25.37,0
10/2/2019,57,0.1,1.12,19.79,25.25,0
10/3/2019,84,0.8,1.13,19.74,25.12,0
10/4/2019,62,0.2,0.82,19.74,25.11,0
10/5/2019,75,0,0.96,19.72,25.06,0
10/6/2019,76,0,0.8,19.71,25.1,0
10/7/2019,69,0,0.75,19.7,25.09,0
10/8/2019,69,1.4,0.61,19.71,25.09,0
10/9/2019,92,0.4,0.6,19.7,25.05,0
10/10/2019,85,2.1,0.84,19.68,24.98,0
10/11/2019,91,1.4,0.64,19.66,24.91,0
10/12/2019,89,3.3,1.01,19.71,24.89,0
10/13/2019,82,19.1,0.99,19.72,24.8,0
10/14/2019,95,1.7,0.74,19.84,25.08,0
10/15/2019,82,0.1,0.71,19.81,25.24,0
10/16/2019,98,1.6,0.44,19.81,25.25,0
10/17/2019,98,3,0.5,19.78,25.22,0
10/18/2019,88,9.4,0.45,19.79,25.24,0
10/19/2019,89,14.6,0.73,19.87,25.59,0
10/20/2019,97,0.8,0.51,19.93,25.9,0
10/21/2019,86,0,0.37,19.85,25.85,0
10/22/2019,86,0,0.71,19.82,25.74,0
10/23/2019,85,0.1,1.04,19.79,25.62,0
10/24/2019,90,0.3,0.9,19.77,25.58,0
10/25/2019,97,17.1,0.98,19.78,25.54,0
10/26/2019,95,8.5,0.44,19.81,25.71,0
10/27/2019,88,6.9,0.56,19.9,26.16,0
10/28/2019,88,0,0.09,19.9,26.24,0
10/29/2019,69,0,,19.85,26.03,0
10/30/2019,52,0.1,0.56,19.81,25.91,0
10/31/2019,73,0,0.24,19.79,25.82,0
11/1/2019,69,0,0.86,19.78,25.73,0
11/2/2019,77,3.7,0.4,19.78,25.73,0
11/3/2019,95,8.6,0.32,19.78,25.61,0
11/4/2019,90,0,0.6,19.84,25.77,0
11/5/2019,82,0,0.44,19.81,25.71,0
11/6/2019,81,0.7,0.45,19.79,25.64,0
11/7/2019,74,1.3,0.45,19.77,25.56,0
11/8/2019,89,7.6,0.27,19.75,25.52,0
11/9/2019,86,0,0.19,19.79,25.62,0
11/10/2019,90,0.1,0.27,19.77,25.58,0
11/11/2019,89,0.4,0.36,19.76,25.53,0
11/12/2019,86,4.5,0.42,19.75,25.49,0
11/13/2019,89,0,0.19,19.77,25.47,0
11/14/2019,89,1.8,0.19,19.76,25.48,0
11/15/2019,89,1,0.42,19.74,25.01,0
11/16/2019,81,12,0.32,19.75,24.78,0
11/17/2019,94,2.4,0.22,19.82,24.9,0
11/18/2019,91,3,0.4,19.83,25.09,0
11/19/2019,95,1.1,0.31,19.81,24.96,0
11/20/2019,92,0,0.24,19.79,24.74,0
11/21/2019,88,1.3,0.23,19.77,24.6,0
11/22/2019,86,0.7,0.27,19.76,24.45,0
11/23/2019,94,0,0.2,19.75,24.27,0
11/24/2019,87,0,0.25,19.74,24.09,0
11/25/2019,88,0.1,0.1,19.72,23.96,0
11/26/2019,90,3.8,0.07,19.71,23.83,0
11/27/2019,94,4.9,0.09,19.73,23.76,0
11/28/2019,96,11.1,0.1,19.77,23.77,0
11/29/2019,88,0,0.12,19.83,24.37,0
11/30/2019,71,0,,19.79,24.34,0
12/1/2019,84,0,0.12,19.76,24.24,0
12/2/2019,77,0,,19.74,24.14,0
12/3/2019,72,4.2,0.36,19.7,23.98,0
12/4/2019,92,0.3,0.3,19.73,23.94,0
12/5/2019,93,8.3,0.53,19.74,23.89,0
12/6/2019,94,6.1,0.3,19.77,23.86,0
12/7/2019,97,7.4,0.27,19.83,24.36,0
12/8/2019,85,14.5,0.43,19.81,24.41,0
12/9/2019,84,1.3,0.58,19.87,24.98,0
12/10/2019,63,21.5,0.03,19.79,24.69,0
12/11/2019,97,0.9,0.28,19.83,24.85,0
12/12/2019,89,6.9,0.15,,25.13,0
12/13/2019,82,0.5,0.22,19.88,25.15,0
12/14/2019,90,3.6,0.17,19.85,25.01,0
12/15/2019,91,18.3,0.21,19.82,24.81,0
12/16/2019,87,14.2,0.23,19.92,25.36,0
12/17/2019,90,13.8,0.15,19.89,25.39,0
12/18/2019,98,0,0.19,19.93,25.49,0
12/19/2019,92,0,0.21,19.85,25.21,0
12/20/2019,86,1.3,0.17,19.82,25.06,0
12/21/2019,92,0.7,0.12,19.8,24.87,0
12/22/2019,95,0,0.02,19.78,24.7,0
12/23/2019,88,5.6,0.21,19.76,24.51,0
12/24/2019,97,2.9,0.1,19.76,24.4,0
12/25/2019,94,0.1,0.1,19.8,24.47,0
12/26/2019,99,0,0.09,19.78,24.44,0
12/27/2019,96,0.1,,19.74,24.36,0
12/28/2019,75,0,0.21,19.72,24.24,0
12/29/2019,78,3.6,0.31,19.72,24.15,0
12/30/2019,93,0.1,0.4,19.73,24.08,0
12/31/2019,85,0,0.36,19.72,23.96,0
1/1/2020,81,0,0.57,19.7,23.87,0
1/2/2020,86,1.1,0.4,19.7,23.78,0
1/3/2020,93,2,0.61,19.7,23.7,0
1/4/2020,77,0,0.94,19.69,23.59,0
1/5/2020,52,2.7,0.6,19.67,23.48,0
1/6/2020,95,1,0.15,19.69,23.42,0
1/7/2020,87,3.4,0.26,19.72,23.44,0
1/8/2020,90,0,0.61,19.74,23.43,0
1/9/2020,81,5.3,0.28,19.735,23.545,0
1/10/2020,96,0.9,0.17,19.75,23.59,0
1/11/2020,90,8.5,0.3,19.74,23.65,0
1/12/2020,98,0.1,0.28,19.79,23.87,0
1/13/2020,98,1.7,0.25,19.78,24.105,0
1/14/2020,90,13.9,0.56,19.76,24.18,0
1/15/2020,96,1.3,0.47,19.83,24.585,0
1/16/2020,87,0,0.59,19.79,24.615,0
1/17/2020,93,3.5,0.36,19.77,24.68,0
1/18/2020,97,3.9,0.27,19.76,24.6,0
1/19/2020,86,0,,19.78,24.62,0
1/20/2020,89,0,0.22,19.75,24.58,0
1/21/2020,92,0,0.63,19.73,24.52,0
1/22/2020,75,0,0.64,19.73,24.41,0
1/23/2020,94,0.7,0.53,19.7,24.3,0
1/24/2020,90,0,0.46,19.7,24.07,0
1/25/2020,85,0,0.31,19.68,23.84,0
1/26/2020,94,0.2,0.27,19.67,23.72,0
1/27/2020,91,9.6,0.23,19.67,23.65,0
1/28/2020,96,6.7,0.22,19.73,23.65,0
1/29/2020,90,2.9,0.25,19.78,24.06,0
1/30/2020,92,15.4,0.25,,,0
1/31/2020,92,3,0.19,19.91,24.76,0
2/1/2020,98,8.1,0.29,19.82,24.7,0
2/2/2020,98,0,0.4,19.84,24.8,0
2/3/2020,61,10.5,0.04,19.8,24.66,0
2/4/2020,92,0.3,0.33,19.84,24.82,0
2/5/2020,69,0,0.45,19.8,24.68,0
2/6/2020,89,0,0.24,19.77,24.61,0
2/7/2020,93,0.3,0.29,19.74,24.48,0
2/8/2020,95,6.1,0.42,19.73,24.38,0
2/9/2020,96,23.1,0.53,19.76,24.37,0
2/10/2020,90,0.3,1.03,19.9,25.11,0
2/11/2020,87,2.6,0.53,19.82,24.84,0
2/12/2020,81,0,0.92,19.78,24.66,0
2/13/2020,64,0,0.57,19.75,24.49,0
2/14/2020,93,4.1,0.3,19.74,24.41,4.65
2/15/2020,85,19.2,0.49,19.72,24.31,4.616666667
2/16/2020,93,14.6,0.84,19.89,24.85,4.65
2/17/2020,88,3.1,0.89,19.87,25.09,0
2/18/2020,88,1.4,0.75,19.82,24.9,0
2/19/2020,87,0.3,0.68,19.81,24.81,0
2/20/2020,93,13.4,0.49,19.77,24.67,0
2/21/2020,79,4.8,0.83,19.85,24.93,0
2/22/2020,98,3.6,1.13,19.82,24.95,0
2/23/2020,73,0.6,1.13,19.83,24.98,0
2/24/2020,66,2.7,0.59,19.79,24.81,0
2/25/2020,89,9.8,0.45,19.76,24.71,0
2/26/2020,85,0,0.79,19.82,24.91,0
2/27/2020,69,0.1,0.33,19.79,24.77,0
2/28/2020,70,0,0.45,19.75,24.65,0
2/29/2020,89,8.4,0.5,19.74,24.54,0
3/1/2020,86,4.5,0.68,19.78,24.63,0
3/2/2020,83,0,0.86,19.8,24.65,5.35
3/3/2020,94,5.1,0.5,19.76,24.56,2.5
3/4/2020,92,0.6,0.47,19.75,24.49,1.966666667
3/5/2020,89,0,0.61,19.77,24.47,1.966666667
3/6/2020,88,0,0.74,19.75,24.41,0
3/7/2020,89,0,0.77,19.72,24.31,0
3/8/2020,90,2.4,0.74,19.71,24.21,0
3/9/2020,92,1.2,0.61,19.645,24.08,0
3/10/2020,94,13.3,0.5,19.71,24.02,0
3/11/2020,90,13.1,1.38,19.79,24.3,0
3/12/2020,93,11.7,0.88,19.78,24.47,0
3/13/2020,87,1.3,1.23,19.84,24.88,0
3/14/2020,48,0,1.25,19.8,24.69,0
3/15/2020,74,8.6,0.98,19.77,24.61,0
3/16/2020,95,0.1,1.07,19.78,24.57,0
3/17/2020,83,5,0.91,19.77,24.57,0
3/18/2020,97,0.5,1.27,19.76,24.55,0
3/19/2020,80,0,1.52,19.77,24.58,0
3/20/2020,87,0,1.57,19.76,24.51,0
3/21/2020,62,0,1.5,19.72,24.42,0
3/22/2020,57,0,1.38,19.69,24.32,0
3/23/2020,59,0,1.49,19.68,24.22,0
3/24/2020,70,0,1.86,19.68,24.11,0
3/25/2020,73,0,2.25,19.67,23.99,0
3/26/2020,86,0,1.92,19.65,23.88,0
3/27/2020,88,0,1.68,19.64,23.78,0
3/28/2020,85,0,1.78,19.63,23.68,0
3/29/2020,40,0,2.24,19.6,23.57,0
3/30/2020,71,0,2.03,19.61,23.47,0
3/31/2020,49,0,1.63,19.58,23.36,0
4/1/2020,87,0,2.03,19.59,23.27,0
4/2/2020,81,0.7,2.01,19.57,23.16,0
4/3/2020,68,0,2.69,19.56,23.07,0
4/4/2020,63,0,1.65,19.51,22.79,0
4/5/2020,92,0,2.58,19.5,22.74,0
4/6/2020,73,0.1,3.89,19.495,22.6,0
4/7/2020,87,0,2.57,19.49,22.74,0
4/8/2020,84,0.8,2.34,19.47,22.74,0
4/9/2020,89,0,2.6,19.48,22.74,0
4/10/2020,83,0,2.17,19.46,22.75,0
4/11/2020,75,13,1.62,19.44,22.75,0
4/12/2020,90,0,1.8,19.57,22.75,0
4/13/2020,52,0,3.1,19.62,22.75,0
4/14/2020,38,0.9,2.59,19.6,22.75,0
4/15/2020,87,0,2.09,19.59,22.75,0
4/16/2020,87,0,3.44,19.56,22.625,0
4/17/2020,69,0,2.81,19.54,22.48,0
4/18/2020,64,0,2.67,19.52,22.47,0
4/19/2020,82,0,2.9,19.5,22.48,0
4/20/2020,82,0,2.98,19.49,22.44,0
4/21/2020,66,0,3.81,19.47,22.41,0
4/22/2020,63,0,3.52,19.46,22.46,0
4/23/2020,84,0,3.53,19.45,22.42,0
4/24/2020,82,0,2.99,19.46,22.48,0
4/25/2020,61,0,3.19,19.43,22.45,0
4/26/2020,84,0.1,2.08,19.42,22.46,0
4/27/2020,69,9,1.13,19.41,,0
4/28/2020,80,6.9,1.61,19.52,22.53,0
4/29/2020,78,0,2,19.57,22.53,0
4/30/2020,65,6.9,1.79,19.56,22.53,0
5/1/2020,94,5.7,1.35,19.58,22.54,0
5/2/2020,92,4.8,1.66,19.62,22.53,0
5/3/2020,93,0,3.07,19.64,22.53,0
5/4/2020,79,0.3,2.3,19.62,22.55,0
5/5/2020,79,0,3.29,19.61,22.53,0
5/6/2020,67,0,3.44,19.585,22.51,0
5/7/2020,81,0,3.74,19.59,22.5,0
5/8/2020,85,0,2.83,19.57,22.45,0
5/9/2020,90,0.4,3.18,19.54,22.43,0
5/10/2020,86,4.4,1.88,19.52,22.45,0
5/11/2020,70,0,3.48,19.54,22.43,0
5/12/2020,56,0.3,2.85,19.54,22.48,0
5/13/2020,53,0,3.4,19.51,22.41,0
5/14/2020,59,0,3.04,19.48,22.5,0
5/15/2020,79,0,3.16,19.47,22.46,0
5/16/2020,79,0,3.12,19.45,22.48,0
5/17/2020,74,0,2.48,19.43,22.46,0
5/18/2020,73,1.4,3.37,19.42,22.48,0
5/19/2020,85,0.3,2.68,19.41,22.46,0
5/20/2020,87,0,3.62,19.39,22.38,0
5/21/2020,81,0,4.28,19.37,22.32,0
5/22/2020,68,3.8,4.35,19.36,22.32,0
5/23/2020,93,9.8,2.35,19.37,22.32,0
5/24/2020,81,2.2,1.51,19.39,22.4,0
5/25/2020,92,0,3.29,19.46,22.4,0
5/26/2020,95,0,4.05,19.44,22.36,0
5/27/2020,85,0,3.4,19.44,22.38,0
5/28/2020,73,0,4.36,19.41,22.38,0
5/29/2020,83,0,4.6,19.39,22.38,0
5/30/2020,68,0,5.4,19.38,22.4,0
5/31/2020,65,0,5.77,19.36,22.31,0
6/1/2020,64,0,5.82,19.35,22.35,0
6/2/2020,89,0,5.77,19.355,22.43,0
6/3/2020,72,0.5,4.03,19.35,22.59,0
6/4/2020,71,2.9,5.14,19.34,22.61,0
6/5/2020,57,7.2,2.98,19.33,22.6,0
6/6/2020,82,8.3,3.1,19.42,22.58,0
6/7/2020,71,0,4.07,19.44,22.53,0
6/8/2020,75,0,4.07,19.42,22.33,0
6/9/2020,76,0,3.99,19.39,22.32,0
6/10/2020,77,0,4.44,19.37,22.31,0
6/11/2020,65,0,6.69,18.93,22.31,0
6/12/2020,46,0,6.66,19.33,22.33,0
6/13/2020,49,0,6.22,19.32,22.3,0
6/14/2020,57,0,6.5,19.29833333,22.30388889,0
6/15/2020,56,0,6.62,19.28541667,22.3,1.25
6/16/2020,65,0.5,5.51,19.27458333,22.305,1.733333333
6/17/2020,70,0,3.25,19.25791667,22.30833333,14.05
6/18/2020,80,0,4.49,19.24291667,22.31041667,13.03333333
6/19/2020,80,4.9,4.55,19.23541667,22.29166667,12.68333333
6/20/2020,90,17.9,2.86,19.28791667,22.28041667,12.5
6/21/2020,94,0.5,1.97,19.44,22.26875,12.31666667
6/22/2020,69,1.7,2.37,19.482,22.26083333,12.18333333
6/23/2020,79,0,4.58,19.46478261,22.26,12.08333333
6/24/2020,84,0,5.21,19.42208333,22.25166667,12.03333333
6/25/2020,79,0,5.72,19.3925,22.27791667,11.96666667
6/26/2020,72,1,5.48,19.3744,22.29416667,11.86666667
6/27/2020,73,6.5,5.6,19.36208333,22.32875,11.8
6/28/2020,82,2.5,2.57,19.59666667,22.32958333,11.71666667
6/29/2020,70,5.5,3.89,19.61541667,22.32958333,11.68333333
6/30/2020,84,3.3,2.25,19.66333333,22.32958333,11.51666667
7/1/2020,84,0.8,3.51,19.7,22.33,11.5
7/2/2020,94,0,4.3,19.65,22.33,11.48333333
7/3/2020,75,15.2,2.83,19.61,22.33,12.1
7/4/2020,95,7.7,1.92,19.58,22.33,11.88333333
7/5/2020,95,16.5,2.39,19.71,22.32,11.7
7/6/2020,78,8,2.38,19.78,22.37,11.6
7/7/2020,75,1.3,3.13,19.75,22.39,11.58333333
7/8/2020,78,0,4.15,19.72,22.44,11.55
7/9/2020,93,0,3.96,19.69,22.52,11.51666667
7/10/2020,91,0,3.12,19.68,22.55,11.51666667
7/11/2020,93,0,3.6,19.65,22.58,11.53333333
7/12/2020,83,0,3.59,19.62,22.56,11.5
7/13/2020,88,6.1,3.07,19.6,22.57,11.48333333
7/14/2020,92,12.5,1.7,19.6,22.61,11.41666667
7/15/2020,92,0,2.72,19.71,22.66,11.41666667
7/16/2020,93,0,3.38,19.73,22.73,11.41666667
7/17/2020,95,0,4.28,19.7,22.8,11.41666667
7/18/2020,92,0.7,4.06,19.68,22.86,11.41666667
7/19/2020,76,3.1,2.59,19.67,22.91,11.4
7/20/2020,95,0,3.65,19.65,22.96,11.41666667
7/21/2020,90,0,3.9,19.64,22.94,11.43333333
7/22/2020,95,0,4.12,19.62,22.92,11.43333333
7/23/2020,93,7,4.2,19.61,22.89,11.43333333
7/24/2020,87,12.9,2.3,19.6,22.91,11.38333333
7/25/2020,96,0.2,3.78,19.78,22.96,11.35
7/26/2020,89,1.5,2.1,19.74,23.02,11.36666667
7/27/2020,94,6.9,4.02,19.72,23.04,11.36666667
7/28/2020,89,10,2.4,19.71,23.03,11.3
7/29/2020,87,1.7,1.9,19.81,23.29,11.28333333
7/30/2020,90,0,2.14,19.78,23.35,11.28333333
7/31/2020,92,0,4.52,19.75,23.37,11.33333333
8/1/2020,70,0,4.41,19.73,23.39,11.35
8/2/2020,76,0.7,2.38,19.72,23.45,11.36666667
8/3/2020,87,0,3.74,19.71,23.47,11.4
8/4/2020,93,1.1,4.12,19.69,23.47,11.41666667
8/5/2020,88,9.4,1.58,19.66,23.44,11.38333333
8/6/2020,96,0.3,3.81,19.7,23.43,11.4
8/7/2020,61,0,5.48,19.74,23.36,11.41666667
8/8/2020,68,0,4.68,19.71,23.36,11.43333333
8/9/2020,59,0,4.75,19.69,23.35,11.46666667
8/10/2020,57,0,4.48,19.67,23.34,11.48333333
8/11/2020,87,0,3.24,19.64,23.32,11.46666667
8/12/2020,75,0,4.34,19.62,23.29,11.48333333
8/13/2020,74,0,4.04,19.61,23.3,11.51666667
8/14/2020,72,0,4.41,19.61,23.28,11.5
8/15/2020,77,0,4.19,19.59,23.26,11.5
8/16/2020,78,0,4.47,19.58,23.23,11.51666667
8/17/2020,65,0,4.38,19.57,23.2,11.53333333
8/18/2020,70,0,3.71,19.56,23.18,11.51666667
8/19/2020,94,2.6,2.27,19.55,23.12,11.5
8/20/2020,96,1.2,2.56,19.53,23.12,11.48333333
8/21/2020,95,4,1.96,19.53,23.1,11.43333333
8/22/2020,91,3.4,3.29,19.55,23.07,11.45
8/23/2020,87,0,2.86,19.55,23.07,11.45
8/24/2020,83,0.2,3.6,19.55,23.05,11.48333333
8/25/2020,82,4,3.18,19.5,22.95,11.48333333
8/26/2020,77,0.4,1.61,19.46,22.8,11.45
8/27/2020,85,0,2.53,19.47,22.69,11.5
8/28/2020,95,0.6,2.06,19.44,22.62,11.46666667
8/29/2020,85,0.1,1.39,19.44,22.6,11.46666667
8/30/2020,95,0,2.46,19.43,22.55,11.53333333
8/31/2020,95,0,2.95,19.4,22.41,11.58333333
9/1/2020,82,0,2.72,19.38,22.38,11.6
9/2/2020,83,0,2.66,19.37,22.37,11.63333333
9/3/2020,93,3.1,2.29,19.37,22.36,11.6
9/4/2020,95,0.8,2.37,19.37,22.36,11.6
9/5/2020,81,7.5,2.4,19.37,22.34,11.6
9/6/2020,90,0.3,2.46,19.36,22.33,11.61666667
9/7/2020,89,4,2.43,19.42,22.32,11.58333333
9/8/2020,93,3.8,2.37,19.43,22.34,11.58333333
9/9/2020,86,1.2,2,19.48,22.37,15.86666667
9/10/2020,74,0,2.85,19.54,22.41,15.78333333
9/11/2020,83,6.8,1.83,19.52,22.38,15.71666667
9/12/2020,85,9.2,1.55,19.51,22.37,15.68333333
9/13/2020,72,11,1.46,19.62,22.36,15.65
9/14/2020,95,0,1.17,19.69,22.38,15.66666667
9/15/2020,97,0,1.5,19.69,22.6,15.66666667
9/16/2020,95,0,2.21,19.66,22.66,15.73333333
9/17/2020,69,0,1.96,19.62,22.61,15.75
9/18/2020,92,0,1.46,19.6,22.55,15.71666667
9/19/2020,97,0,1.49,19.58,22.48,15.71666667
9/20/2020,97,0,0.96,19.56,22.4,15.71666667
9/21/2020,95,0,0.94,19.55,22.37,15.71666667
9/22/2020,90,0,1.25,19.53,22.37,15.73333333
9/23/2020,91,0.9,2.01,19.56,22.36,15.71666667
9/24/2020,89,2.4,2.1,19.59,22.37,15.75
9/25/2020,86,24.4,1.39,19.6,22.44,15.71666667
9/26/2020,94,0.1,1.17,19.68,22.51,15.71666667
9/27/2020,95,0,1.57,19.78,22.6,15.73333333
9/28/2020,88,0.2,1.57,19.74,22.67,15.75
9/29/2020,93,0,1.27,19.73,22.74,15.75
9/30/2020,93,0,1.11,19.72,22.8,15.78333333
10/1/2020,91,0,1.14,19.71,22.85,15.75
10/2/2020,80,0,1.72,19.71,22.89,15.78333333
10/3/2020,85,0,1.47,19.68,22.88,15.75
10/4/2020,81,17.5,0.99,19.68,22.88,15.76666667
10/5/2020,93,0.8,1.11,19.76,22.92,15.76666667
10/6/2020,93,2.3,0.9,19.78,23,15.76666667
10/7/2020,95,2,0.73,19.77,23.08,15.76666667
10/8/2020,95,13.6,0.8,19.78,23.04,12.91666667
10/9/2020,95,9.2,1.2,19.78,23.08,13.01666667
10/10/2020,95,8.2,0.79,19.84,23.14,13.01666667
10/11/2020,96,3.8,0.51,19.88,23.24,13.03333333
10/12/2020,97,0.2,0.66,19.88,23.31,13.06666667
10/13/2020,96,0,0.74,19.85,23.36,13.08333333
10/14/2020,88,0,1.12,19.8,23.33,13.11666667
10/15/2020,71,0,0.75,19.78,23.37,13.13333333
10/16/2020,94,0.2,0.57,19.76,23.39,13.33333333
10/17/2020,96,0.2,0.6,19.74,23.4,13.18333333
10/18/2020,96,0,0.73,19.76,23.47,13.1
10/19/2020,80,0,0.39,19.73,23.42,13.11666667
10/20/2020,85,13.4,0.67,19.71,23.39,13.11666667
10/21/2020,96,30.7,0.37,19.72,23.42,0
10/22/2020,95,6,0.54,19.84,23.46,0
10/23/2020,91,5.4,0.91,19.93,23.87,0
10/24/2020,95,0.5,0.53,19.87,23.84,0
10/25/2020,95,7,0.56,19.87,23.82,0
10/26/2020,95,0.4,0.47,19.88,23.82,0
10/27/2020,95,8.6,0.63,19.86,23.84,0
10/28/2020,91,8,0.65,19.84,23.79,0
10/29/2020,91,1.3,0.27,19.87,23.93,0
10/30/2020,96,1.6,0.24,19.87,23.94,0
10/31/2020,96,3.2,0.23,19.83,23.93,0
11/1/2020,95,13.6,0.52,19.83,23.91,0
11/2/2020,95,11,0.64,19.88,24.06,0
11/3/2020,88,5.6,0.58,19.93,24.43,0
11/4/2020,93,0,0.61,19.87,24.46,0
11/5/2020,76,0.2,1.24,19.84,24.33,0
11/6/2020,91,0,0.26,19.82,24.27,0
11/7/2020,93,0,0.4,19.79,24.17,0
11/8/2020,91,0,0.27,19.78,24.14,0
11/9/2020,91,0.2,0.37,19.76,24.06,0
11/10/2020,94,0,0.27,19.75,24,0
11/11/2020,85,0.9,0.33,19.74,23.98,0
11/12/2020,94,0.6,0.26,19.74,23.96,0
11/13/2020,94,3.5,0.24,19.74,23.92,0
11/14/2020,93,0.2,0.02,19.74,23.9,0
11/15/2020,93,3.5,0.42,19.77,23.87,0
11/16/2020,88,3.1,0.52,19.77,23.88,0
11/17/2020,93,12.4,0.37,19.81,23.87,0
11/18/2020,97,7,0.42,19.88,24.3,0
11/19/2020,93,1.5,1.04,19.91,24.47,0
11/20/2020,61,5.4,0.76,19.87,24.52,0
11/21/2020,78,13.5,0.62,19.83,24.44,0
11/22/2020,83,2,0.73,19.93,24.84,0
11/23/2020,77,5.9,0.46,19.88,24.83,0
11/24/2020,88,4,0.36,19.84,24.68,0
11/25/2020,93,2.8,0.29,19.9,24.79,0
11/26/2020,96,0,0.04,19.86,24.76,0
11/27/2020,96,0,,19.84,24.67,0
11/28/2020,96,0,,19.82,24.59,0
11/29/2020,92,0,0.16,19.79,24.48,0
11/30/2020,94,6.6,0.21,19.78,24.43,0
12/1/2020,96,0,,19.8,24.39,0
12/2/2020,94,0,0.16,19.82,24.37,0
12/3/2020,92,0,0.49,19.82,24.43,0
12/4/2020,92,0.7,0.22,19.8,24.43,0
12/5/2020,94,0,0.22,19.78,24.34,0
12/6/2020,87,0,0.18,19.75,24.26,0
12/7/2020,89,0.2,0.4,19.75,24.21,0
12/8/2020,94,2.6,0.13,19.73,24.15,0
12/9/2020,96,2.5,0.15,19.75,24.1,0
12/10/2020,94,0.2,0.21,19.76,24.09,0
12/11/2020,92,0,0.2,19.75,24.04,0
12/12/2020,88,1.6,0.15,19.73,23.92,0
12/13/2020,96,0.2,0.05,19.7,23.8,0
12/14/2020,94,4.5,0.25,19.7,23.88,0
12/15/2020,97,4.8,0.11,19.73,23.83,0
12/16/2020,98,0,0.1,19.77,23.86,0
12/17/2020,94,15.2,0.16,19.75,23.86,0
12/18/2020,95,11.6,0.16,19.85,24.2,0
12/19/2020,96,1.6,0.2,19.9,24.5,0
12/20/2020,94,0,0.15,19.83,24.54,0
12/21/2020,97,2.6,0.23,19.8,24.36,0
12/22/2020,91,5.2,0.24,19.79,24.29,0
12/23/2020,89,0.2,0.1,19.81,24.29,0
12/24/2020,96,0.2,,19.78,24.28,0
12/25/2020,82,0,,19.74,24.18,0
12/26/2020,91,26,0.31,19.73,24.12,0
12/27/2020,92,24.6,0.24,19.8,24.14,0
12/28/2020,97,1.9,0.18,19.94,24.95,0
12/29/2020,94,3,0.14,19.87,24.76,0
12/30/2020,94,1.9,0.13,19.83,24.6,0
12/31/2020,96,4,0.11,19.82,24.49,0
1/1/2021,95,0,0.07,19.82,24.43,0
1/2/2021,96,0,0.08,19.81,24.46,0
1/3/2021,94,0.3,0.29,19.76,24.39,0
1/4/2021,86,0,0.41,19.74,24.33,0
1/5/2021,86,0,0.34,19.72,24.23,0
1/6/2021,85,5,0.31,19.71,24.19,0
1/7/2021,92,0.2,0.24,19.7,24.16,0
1/8/2021,92,0.6,0.15,19.68,24.08,0
1/9/2021,92,2.8,0.09,19.66,23.98,0
1/10/2021,96,7.4,0.26,19.67,23.95,0
1/11/2021,96,16,0.18,19.7,23.94,0
1/12/2021,95,0,,19.9,24.48,0
1/13/2021,93,0.1,0.24,19.82,24.54,0
1/14/2021,85,0,0.39,19.75,24.41,0
1/15/2021,88,0,,19.73,24.28,0
1/16/2021,89,0,,19.7,24.19,0
1/17/2021,90,0.2,0.11,19.69,24.12,0
1/18/2021,88,1.2,0.19,19.67,24.01,0
1/19/2021,96,5,0.11,19.66,23.93,0
1/20/2021,97,22.7,0.16,19.71,23.85,0
1/21/2021,94,5.1,0.68,19.84,24.19,0
1/22/2021,78,11.2,0.57,19.84,24.52,0
1/23/2021,87,0,0.21,19.85,24.62,0
1/24/2021,92,0.4,0.17,19.8,24.55,0
1/25/2021,95,0,0.18,19.78,24.44,0
1/26/2021,93,0,,19.75,24.31,0
1/27/2021,91,0,0.14,19.74,24.19,0
1/28/2021,96,0.2,0.11,19.71,24.09,0
1/29/2021,85,0,0.19,19.72,23.99,0
1/30/2021,92,0,,19.68,23.88,0
1/31/2021,78,3,,19.67,23.78,0
2/1/2021,91,2.4,0.17,19.67,23.66,0
2/2/2021,94,0,0.05,19.63,23.54,0
2/3/2021,94,0,0.29,19.62,23.61,0
2/4/2021,87,0.1,0.15,19.6,23.51,0
2/5/2021,86,0,0.15,19.58,23.39,0
2/6/2021,87,0,0.17,19.58,23.29,0
2/7/2021,87,0,0.31,19.55,23.18,0
2/8/2021,86,0,0.41,19.53,22.99,0
2/9/2021,82,0,0.39,19.53,22.82,0
2/10/2021,79,0,0.41,19.51,22.72,0
2/11/2021,79,0,0.23,19.49,22.64,0
2/12/2021,78,0,0.24,19.48,22.55,0
2/13/2021,70,0,0.11,19.44,22.51,0
2/14/2021,91,0,,19.45,22.47,0
2/15/2021,91,0,0.77,19.44,22.43,0
2/16/2021,76,5.8,0.41,19.39,22.39,0
2/17/2021,90,5.3,0.38,19.4,22.38,0
2/18/2021,86,2.4,0.37,19.51,22.34,0
2/19/2021,95,0.4,0.29,19.58,22.34,0
2/20/2021,96,0.1,0.43,19.6,22.34,0
2/21/2021,92,0,0.46,19.57,22.33,0
2/22/2021,94,0.1,0.55,19.58,22.34,0
2/23/2021,85,0.1,0.5,19.59,22.33,0
2/24/2021,98,0.1,0.64,19.59,22.33,0
2/25/2021,85,0,0.81,19.59,22.33,0
2/26/2021,90,0,1.03,19.59,22.34,0
2/27/2021,63,0,0.7,19.59,22.37,0
2/28/2021,96,0,0.56,19.58,22.4,0
3/1/2021,96,0,0.55,19.56,22.45,0
3/2/2021,94,0,0.41,19.55,22.5,0
3/3/2021,97,0,0.36,19.55,22.54,0
3/4/2021,97,0,1.07,19.53,22.58,0
3/5/2021,76,0,0.76,19.52,22.58,0
3/6/2021,93,0,1.13,19.51,22.57,0
3/7/2021,84,0,1.71,19.49,22.58,0
3/8/2021,49,0,0.66,19.48,22.57,0.215278
3/9/2021,81,0,0.7,19.46,22.54,0
3/10/2021,84,6.3,1.12,19.65,22.53,0
